﻿<?xml version="1.0" encoding="utf-8"?>
<abapGit version="v1.0.0" serializer="LCL_OBJECT_CLAS" serializer_version="v1.0.0">
 <asx:abap xmlns:asx="http://www.sap.com/abapxml" version="1.0">
  <asx:values>
   <VSEOCLASS>
    <CLSNAME>ZCL_SOLID_DELIVERY_REPOSITORY</CLSNAME>
    <LANGU>N</LANGU>
    <DESCRIPT>Delivery Repository</DESCRIPT>
    <STATE>1</STATE>
    <CLSCCINCL>X</CLSCCINCL>
    <FIXPT>X</FIXPT>
    <UNICODE>X</UNICODE>
   </VSEOCLASS>
   <DESCRIPTIONS>
    <SEOCOMPOTX>
     <CLSNAME>ZCL_SOLID_DELIVERY_REPOSITORY</CLSNAME>
     <CMPNAME>DELIVERY_MAP</CMPNAME>
     <LANGU>N</LANGU>
     <DESCRIPT>Map for delivery domain objects</DESCRIPT>
    </SEOCOMPOTX>
   </DESCRIPTIONS>
  </asx:values>
 </asx:abap>
</abapGit>
