﻿<?xml version="1.0" encoding="utf-8"?>
<abapGit version="v1.0.0" serializer="LCL_OBJECT_INTF" serializer_version="v1.0.0">
 <asx:abap xmlns:asx="http://www.sap.com/abapxml" version="1.0">
  <asx:values>
   <VSEOINTERF>
    <CLSNAME>ZIF_SOLID_ORDER_REPOSITORY</CLSNAME>
    <LANGU>N</LANGU>
    <DESCRIPT>Sales Order Repository</DESCRIPT>
    <EXPOSURE>2</EXPOSURE>
    <STATE>1</STATE>
    <UNICODE>X</UNICODE>
   </VSEOINTERF>
   <DESCRIPTIONS>
    <SEOCOMPOTX>
     <CLSNAME>ZIF_SOLID_ORDER_REPOSITORY</CLSNAME>
     <CMPNAME>FIND_BY_DELIVERY_NUMBER</CMPNAME>
     <LANGU>N</LANGU>
     <DESCRIPT>Orders for one deliverynumber</DESCRIPT>
    </SEOCOMPOTX>
    <SEOCOMPOTX>
     <CLSNAME>ZIF_SOLID_ORDER_REPOSITORY</CLSNAME>
     <CMPNAME>FIND_BY_DELIVERY_NUMBER_RANGE</CMPNAME>
     <LANGU>N</LANGU>
     <DESCRIPT>order for multiple delivery numbers</DESCRIPT>
    </SEOCOMPOTX>
    <SEOCOMPOTX>
     <CLSNAME>ZIF_SOLID_ORDER_REPOSITORY</CLSNAME>
     <CMPNAME>FIND_BY_NUMBER</CMPNAME>
     <LANGU>N</LANGU>
     <DESCRIPT>returns one order</DESCRIPT>
    </SEOCOMPOTX>
   </DESCRIPTIONS>
  </asx:values>
 </asx:abap>
</abapGit>
