﻿<?xml version="1.0" encoding="utf-8"?>
<abapGit version="v1.0.0" serializer="LCL_OBJECT_DTEL" serializer_version="v1.0.0">
 <asx:abap xmlns:asx="http://www.sap.com/abapxml" version="1.0">
  <asx:values>
   <DD04V>
    <ROLLNAME>ZCONDITION_QUANTITY</ROLLNAME>
    <DDLANGUAGE>N</DDLANGUAGE>
    <DOMNAME>KPEIN</DOMNAME>
    <HEADLEN>18</HEADLEN>
    <SCRLEN1>10</SCRLEN1>
    <SCRLEN2>18</SCRLEN2>
    <SCRLEN3>18</SCRLEN3>
    <DDTEXT>Condition Quantity</DDTEXT>
    <REPTEXT>Condition Quantity</REPTEXT>
    <SCRTEXT_S>Cond.Quan.</SCRTEXT_S>
    <SCRTEXT_M>Condition Quantity</SCRTEXT_M>
    <SCRTEXT_L>Condition Quantity</SCRTEXT_L>
    <DTELMASTER>N</DTELMASTER>
    <REFKIND>D</REFKIND>
   </DD04V>
  </asx:values>
 </asx:abap>
</abapGit>
