﻿<?xml version="1.0" encoding="utf-8"?>
<abapGit version="v1.0.0" serializer="LCL_OBJECT_DTEL" serializer_version="v1.0.0">
 <asx:abap xmlns:asx="http://www.sap.com/abapxml" version="1.0">
  <asx:values>
   <DD04V>
    <ROLLNAME>ZCONDITION_VALUE</ROLLNAME>
    <DDLANGUAGE>N</DDLANGUAGE>
    <DOMNAME>WERTV8</DOMNAME>
    <HEADLEN>15</HEADLEN>
    <SCRLEN1>10</SCRLEN1>
    <SCRLEN2>15</SCRLEN2>
    <SCRLEN3>15</SCRLEN3>
    <DDTEXT>Condition Value</DDTEXT>
    <REPTEXT>Condition Value</REPTEXT>
    <SCRTEXT_S>Cond.Value</SCRTEXT_S>
    <SCRTEXT_M>Condition Value</SCRTEXT_M>
    <SCRTEXT_L>Condition Value</SCRTEXT_L>
    <DTELMASTER>N</DTELMASTER>
    <REFKIND>D</REFKIND>
   </DD04V>
  </asx:values>
 </asx:abap>
</abapGit>
