﻿<?xml version="1.0" encoding="utf-8"?>
<abapGit version="v1.0.0" serializer="LCL_OBJECT_DTEL" serializer_version="v1.0.0">
 <asx:abap xmlns:asx="http://www.sap.com/abapxml" version="1.0">
  <asx:values>
   <DD04V>
    <ROLLNAME>ZCONDITION_TYPE</ROLLNAME>
    <DDLANGUAGE>N</DDLANGUAGE>
    <DOMNAME>KSCHL</DOMNAME>
    <HEADLEN>14</HEADLEN>
    <SCRLEN1>09</SCRLEN1>
    <SCRLEN2>14</SCRLEN2>
    <SCRLEN3>14</SCRLEN3>
    <DDTEXT>Condition type</DDTEXT>
    <REPTEXT>Condition type</REPTEXT>
    <SCRTEXT_S>Cond.Type</SCRTEXT_S>
    <SCRTEXT_M>Condition type</SCRTEXT_M>
    <SCRTEXT_L>Condition type</SCRTEXT_L>
    <DTELMASTER>N</DTELMASTER>
    <REFKIND>D</REFKIND>
   </DD04V>
  </asx:values>
 </asx:abap>
</abapGit>
