﻿<?xml version="1.0" encoding="utf-8"?>
<abapGit version="v1.0.0" serializer="LCL_OBJECT_DTEL" serializer_version="v1.0.0">
 <asx:abap xmlns:asx="http://www.sap.com/abapxml" version="1.0">
  <asx:values>
   <DD04V>
    <ROLLNAME>ZCONDITION_UNIT</ROLLNAME>
    <DDLANGUAGE>N</DDLANGUAGE>
    <DOMNAME>MEINS</DOMNAME>
    <HEADLEN>14</HEADLEN>
    <SCRLEN1>09</SCRLEN1>
    <SCRLEN2>14</SCRLEN2>
    <SCRLEN3>14</SCRLEN3>
    <DDTEXT>Condition Unit</DDTEXT>
    <REPTEXT>Condition Unit</REPTEXT>
    <SCRTEXT_S>Cond.Unit</SCRTEXT_S>
    <SCRTEXT_M>Condition Unit</SCRTEXT_M>
    <SCRTEXT_L>Condition Unit</SCRTEXT_L>
    <DTELMASTER>N</DTELMASTER>
    <REFKIND>D</REFKIND>
   </DD04V>
  </asx:values>
 </asx:abap>
</abapGit>
