﻿<?xml version="1.0" encoding="utf-8"?>
<abapGit version="v1.0.0" serializer="LCL_OBJECT_DTEL" serializer_version="v1.0.0">
 <asx:abap xmlns:asx="http://www.sap.com/abapxml" version="1.0">
  <asx:values>
   <DD04V>
    <ROLLNAME>ZCUSTOMER_NAME</ROLLNAME>
    <DDLANGUAGE>N</DDLANGUAGE>
    <DOMNAME>NAME</DOMNAME>
    <HEADLEN>04</HEADLEN>
    <SCRLEN1>04</SCRLEN1>
    <SCRLEN2>04</SCRLEN2>
    <SCRLEN3>04</SCRLEN3>
    <DDTEXT>Name</DDTEXT>
    <REPTEXT>Name</REPTEXT>
    <SCRTEXT_S>Name</SCRTEXT_S>
    <SCRTEXT_M>Name</SCRTEXT_M>
    <SCRTEXT_L>Name</SCRTEXT_L>
    <DTELMASTER>N</DTELMASTER>
    <REFKIND>D</REFKIND>
   </DD04V>
  </asx:values>
 </asx:abap>
</abapGit>
