﻿<?xml version="1.0" encoding="utf-8"?>
<abapGit version="v1.0.0" serializer="LCL_OBJECT_DTEL" serializer_version="v1.0.0">
 <asx:abap xmlns:asx="http://www.sap.com/abapxml" version="1.0">
  <asx:values>
   <DD04V>
    <ROLLNAME>ZMATERIAL_DESCRIPTION</ROLLNAME>
    <DDLANGUAGE>N</DDLANGUAGE>
    <DOMNAME>TEXT40</DOMNAME>
    <HEADLEN>11</HEADLEN>
    <SCRLEN1>06</SCRLEN1>
    <SCRLEN2>11</SCRLEN2>
    <SCRLEN3>11</SCRLEN3>
    <DDTEXT>Description</DDTEXT>
    <REPTEXT>Description</REPTEXT>
    <SCRTEXT_S>Descr.</SCRTEXT_S>
    <SCRTEXT_M>Description</SCRTEXT_M>
    <SCRTEXT_L>Description</SCRTEXT_L>
    <DTELMASTER>N</DTELMASTER>
    <REFKIND>D</REFKIND>
   </DD04V>
  </asx:values>
 </asx:abap>
</abapGit>
