﻿<?xml version="1.0" encoding="utf-8"?>
<abapGit version="v1.0.0" serializer="LCL_OBJECT_DTEL" serializer_version="v1.0.0">
 <asx:abap xmlns:asx="http://www.sap.com/abapxml" version="1.0">
  <asx:values>
   <DD04V>
    <ROLLNAME>ZMATERIAL</ROLLNAME>
    <DDLANGUAGE>N</DDLANGUAGE>
    <DOMNAME>MATNR</DOMNAME>
    <HEADLEN>08</HEADLEN>
    <SCRLEN1>08</SCRLEN1>
    <SCRLEN2>08</SCRLEN2>
    <SCRLEN3>08</SCRLEN3>
    <DDTEXT>Material</DDTEXT>
    <REPTEXT>Material</REPTEXT>
    <SCRTEXT_S>Material</SCRTEXT_S>
    <SCRTEXT_M>Material</SCRTEXT_M>
    <SCRTEXT_L>Material</SCRTEXT_L>
    <DTELMASTER>N</DTELMASTER>
    <REFKIND>D</REFKIND>
   </DD04V>
  </asx:values>
 </asx:abap>
</abapGit>
