﻿<?xml version="1.0" encoding="utf-8"?>
<abapGit version="v1.0.0" serializer="LCL_OBJECT_DTEL" serializer_version="v1.0.0">
 <asx:abap xmlns:asx="http://www.sap.com/abapxml" version="1.0">
  <asx:values>
   <DD04V>
    <ROLLNAME>ZORDER_NUMBER</ROLLNAME>
    <DDLANGUAGE>N</DDLANGUAGE>
    <DOMNAME>VBELN</DOMNAME>
    <HEADLEN>05</HEADLEN>
    <SCRLEN1>05</SCRLEN1>
    <SCRLEN2>05</SCRLEN2>
    <SCRLEN3>05</SCRLEN3>
    <DDTEXT>Order</DDTEXT>
    <REPTEXT>Order</REPTEXT>
    <SCRTEXT_S>Order</SCRTEXT_S>
    <SCRTEXT_M>Order</SCRTEXT_M>
    <SCRTEXT_L>Order</SCRTEXT_L>
    <DTELMASTER>N</DTELMASTER>
    <REFKIND>D</REFKIND>
   </DD04V>
  </asx:values>
 </asx:abap>
</abapGit>
