﻿<?xml version="1.0" encoding="utf-8"?>
<abapGit version="v1.0.0" serializer="LCL_OBJECT_TABL" serializer_version="v1.0.0">
 <asx:abap xmlns:asx="http://www.sap.com/abapxml" version="1.0">
  <asx:values>
   <DD02V>
    <TABNAME>ZST_SOLIDORDER_ALV</TABNAME>
    <DDLANGUAGE>N</DDLANGUAGE>
    <TABCLASS>INTTAB</TABCLASS>
    <DDTEXT>ALV Structure for solid orders</DDTEXT>
    <EXCLASS>4</EXCLASS>
   </DD02V>
   <DD03P_TABLE>
    <DD03P>
     <TABNAME>ZST_SOLIDORDER_ALV</TABNAME>
     <FIELDNAME>ORDER_NUMBER</FIELDNAME>
     <POSITION>0001</POSITION>
     <ROLLNAME>ZORDER_NUMBER</ROLLNAME>
     <ADMINFIELD>0</ADMINFIELD>
     <COMPTYPE>E</COMPTYPE>
    </DD03P>
    <DD03P>
     <TABNAME>ZST_SOLIDORDER_ALV</TABNAME>
     <FIELDNAME>POSITION_NUMBER</FIELDNAME>
     <POSITION>0002</POSITION>
     <ROLLNAME>ZPOSITION_NUMBER</ROLLNAME>
     <ADMINFIELD>0</ADMINFIELD>
     <COMPTYPE>E</COMPTYPE>
    </DD03P>
    <DD03P>
     <TABNAME>ZST_SOLIDORDER_ALV</TABNAME>
     <FIELDNAME>CUSTOMER_NUMBER</FIELDNAME>
     <POSITION>0003</POSITION>
     <ROLLNAME>ZCUSTOMER_NUMBER</ROLLNAME>
     <ADMINFIELD>0</ADMINFIELD>
     <COMPTYPE>E</COMPTYPE>
    </DD03P>
    <DD03P>
     <TABNAME>ZST_SOLIDORDER_ALV</TABNAME>
     <FIELDNAME>CUSTOMER_NAME</FIELDNAME>
     <POSITION>0004</POSITION>
     <ROLLNAME>ZCUSTOMER_NAME</ROLLNAME>
     <ADMINFIELD>0</ADMINFIELD>
     <COMPTYPE>E</COMPTYPE>
    </DD03P>
    <DD03P>
     <TABNAME>ZST_SOLIDORDER_ALV</TABNAME>
     <FIELDNAME>MATERIAL</FIELDNAME>
     <POSITION>0005</POSITION>
     <ROLLNAME>ZMATERIAL</ROLLNAME>
     <ADMINFIELD>0</ADMINFIELD>
     <COMPTYPE>E</COMPTYPE>
    </DD03P>
    <DD03P>
     <TABNAME>ZST_SOLIDORDER_ALV</TABNAME>
     <FIELDNAME>MATERIAL_DESCRIPTION</FIELDNAME>
     <POSITION>0006</POSITION>
     <ROLLNAME>ZMATERIAL_DESCRIPTION</ROLLNAME>
     <ADMINFIELD>0</ADMINFIELD>
     <COMPTYPE>E</COMPTYPE>
    </DD03P>
    <DD03P>
     <TABNAME>ZST_SOLIDORDER_ALV</TABNAME>
     <FIELDNAME>NETPRICE</FIELDNAME>
     <POSITION>0007</POSITION>
     <ROLLNAME>ZNETPRICE</ROLLNAME>
     <ADMINFIELD>0</ADMINFIELD>
     <REFTABLE>VBAP</REFTABLE>
     <REFFIELD>WAERK</REFFIELD>
     <COMPTYPE>E</COMPTYPE>
    </DD03P>
    <DD03P>
     <TABNAME>ZST_SOLIDORDER_ALV</TABNAME>
     <FIELDNAME>NETPRICE_CURRENCY</FIELDNAME>
     <POSITION>0008</POSITION>
     <ROLLNAME>ZNETPRICE_CURRENCY</ROLLNAME>
     <ADMINFIELD>0</ADMINFIELD>
     <COMPTYPE>E</COMPTYPE>
    </DD03P>
    <DD03P>
     <TABNAME>ZST_SOLIDORDER_ALV</TABNAME>
     <FIELDNAME>CONDITION_TYPE</FIELDNAME>
     <POSITION>0009</POSITION>
     <ROLLNAME>ZCONDITION_TYPE</ROLLNAME>
     <ADMINFIELD>0</ADMINFIELD>
     <COMPTYPE>E</COMPTYPE>
    </DD03P>
    <DD03P>
     <TABNAME>ZST_SOLIDORDER_ALV</TABNAME>
     <FIELDNAME>CONDITION_VALUE</FIELDNAME>
     <POSITION>0010</POSITION>
     <ROLLNAME>ZCONDITION_VALUE</ROLLNAME>
     <ADMINFIELD>0</ADMINFIELD>
     <REFTABLE>RV61A</REFTABLE>
     <REFFIELD>AWEI1</REFFIELD>
     <COMPTYPE>E</COMPTYPE>
    </DD03P>
    <DD03P>
     <TABNAME>ZST_SOLIDORDER_ALV</TABNAME>
     <FIELDNAME>CONDITION_CURRENCY</FIELDNAME>
     <POSITION>0011</POSITION>
     <ROLLNAME>ZCONDITION_CURRENCY</ROLLNAME>
     <ADMINFIELD>0</ADMINFIELD>
     <COMPTYPE>E</COMPTYPE>
    </DD03P>
    <DD03P>
     <TABNAME>ZST_SOLIDORDER_ALV</TABNAME>
     <FIELDNAME>CONDITION_QUANTITY</FIELDNAME>
     <POSITION>0012</POSITION>
     <ROLLNAME>ZCONDITION_QUANTITY</ROLLNAME>
     <ADMINFIELD>0</ADMINFIELD>
     <COMPTYPE>E</COMPTYPE>
    </DD03P>
    <DD03P>
     <TABNAME>ZST_SOLIDORDER_ALV</TABNAME>
     <FIELDNAME>CONDITION_UNIT</FIELDNAME>
     <POSITION>0013</POSITION>
     <ROLLNAME>ZCONDITION_UNIT</ROLLNAME>
     <ADMINFIELD>0</ADMINFIELD>
     <COMPTYPE>E</COMPTYPE>
    </DD03P>
    <DD03P>
     <TABNAME>ZST_SOLIDORDER_ALV</TABNAME>
     <FIELDNAME>ALV_COLOR</FIELDNAME>
     <POSITION>0014</POSITION>
     <ROLLNAME>LVC_T_SCOL</ROLLNAME>
     <ADMINFIELD>0</ADMINFIELD>
     <DATATYPE>TTYP</DATATYPE>
     <MASK>  TTYPL</MASK>
     <COMPTYPE>L</COMPTYPE>
    </DD03P>
   </DD03P_TABLE>
  </asx:values>
 </asx:abap>
</abapGit>
