﻿<?xml version="1.0" encoding="utf-8"?>
<abapGit version="v1.0.0" serializer="LCL_OBJECT_PROG" serializer_version="v1.0.0">
 <asx:abap xmlns:asx="http://www.sap.com/abapxml" version="1.0">
  <asx:values>
   <PROGDIR>
    <NAME>Z_SOLID_REVENUES</NAME>
    <SUBC>1</SUBC>
    <RLOAD>N</RLOAD>
    <FIXPT>X</FIXPT>
    <UCCHECK>X</UCCHECK>
   </PROGDIR>
   <TPOOL>
    <item>
     <ID>R</ID>
     <ENTRY>SOLID: Delivery and Sales order</ENTRY>
     <LENGTH>31</LENGTH>
    </item>
    <item>
     <ID>S</ID>
     <KEY>PA_NAMEL</KEY>
     <ENTRY>Bestandsnaam lokale map</ENTRY>
     <LENGTH>31</LENGTH>
    </item>
    <item>
     <ID>S</ID>
     <KEY>PA_NAMES</KEY>
     <ENTRY>bestandsnaam SAPServer</ENTRY>
     <LENGTH>30</LENGTH>
    </item>
    <item>
     <ID>S</ID>
     <KEY>PA_PATHL</KEY>
     <ENTRY>Download naar lokale map</ENTRY>
     <LENGTH>32</LENGTH>
    </item>
    <item>
     <ID>S</ID>
     <KEY>PA_PATHS</KEY>
     <ENTRY>Download naar SAPServer</ENTRY>
     <LENGTH>31</LENGTH>
    </item>
    <item>
     <ID>S</ID>
     <KEY>RB1</KEY>
     <ENTRY>Bestand opslaan SAP Server</ENTRY>
     <LENGTH>34</LENGTH>
    </item>
    <item>
     <ID>S</ID>
     <KEY>RB2</KEY>
     <ENTRY>Bestand opslaan lokale map</ENTRY>
     <LENGTH>34</LENGTH>
    </item>
    <item>
     <ID>S</ID>
     <KEY>RB3</KEY>
     <ENTRY>Toon gegevens (on line mode)</ENTRY>
     <LENGTH>36</LENGTH>
    </item>
    <item>
     <ID>S</ID>
     <KEY>SO_ERDAT</KEY>
     <ENTRY>.</ENTRY>
     <LENGTH>20</LENGTH>
     <SPLIT>D</SPLIT>
    </item>
    <item>
     <ID>S</ID>
     <KEY>SO_KSCHL</KEY>
     <ENTRY>.</ENTRY>
     <LENGTH>21</LENGTH>
     <SPLIT>D</SPLIT>
    </item>
    <item>
     <ID>S</ID>
     <KEY>SO_KUNNR</KEY>
     <ENTRY>.</ENTRY>
     <LENGTH>25</LENGTH>
     <SPLIT>D</SPLIT>
    </item>
    <item>
     <ID>S</ID>
     <KEY>SO_MATNR</KEY>
     <ENTRY>.</ENTRY>
     <LENGTH>15</LENGTH>
     <SPLIT>D</SPLIT>
    </item>
    <item>
     <ID>S</ID>
     <KEY>SO_PRODH</KEY>
     <ENTRY>.</ENTRY>
     <LENGTH>25</LENGTH>
     <SPLIT>D</SPLIT>
    </item>
    <item>
     <ID>S</ID>
     <KEY>SO_VKORG</KEY>
     <ENTRY>.</ENTRY>
     <LENGTH>26</LENGTH>
     <SPLIT>D</SPLIT>
    </item>
    <item>
     <ID>S</ID>
     <KEY>SO_VSTEL</KEY>
     <ENTRY>Vestiging</ENTRY>
     <LENGTH>17</LENGTH>
    </item>
   </TPOOL>
  </asx:values>
 </asx:abap>
</abapGit>
