﻿<?xml version="1.0" encoding="utf-8"?>
<abapGit version="v1.0.0" serializer="LCL_OBJECT_CLAS" serializer_version="v1.0.0">
 <asx:abap xmlns:asx="http://www.sap.com/abapxml" version="1.0">
  <asx:values>
   <VSEOCLASS>
    <CLSNAME>ZCL_SOLID_ORDER_REPORT_MODEL</CLSNAME>
    <LANGU>N</LANGU>
    <DESCRIPT>Order report - Model</DESCRIPT>
    <STATE>1</STATE>
    <CLSCCINCL>X</CLSCCINCL>
    <FIXPT>X</FIXPT>
    <UNICODE>X</UNICODE>
   </VSEOCLASS>
   <DESCRIPTIONS>
    <SEOCOMPOTX>
     <CLSNAME>ZCL_SOLID_ORDER_REPORT_MODEL</CLSNAME>
     <CMPNAME>ADDED_FAVORITES</CMPNAME>
     <LANGU>N</LANGU>
     <DESCRIPT>List</DESCRIPT>
    </SEOCOMPOTX>
    <SEOCOMPOTX>
     <CLSNAME>ZCL_SOLID_ORDER_REPORT_MODEL</CLSNAME>
     <CMPNAME>CONSTRUCTOR</CMPNAME>
     <LANGU>N</LANGU>
     <DESCRIPT>CONSTRUCTOR</DESCRIPT>
    </SEOCOMPOTX>
    <SEOCOMPOTX>
     <CLSNAME>ZCL_SOLID_ORDER_REPORT_MODEL</CLSNAME>
     <CMPNAME>FAVORITES</CMPNAME>
     <LANGU>N</LANGU>
     <DESCRIPT>List</DESCRIPT>
    </SEOCOMPOTX>
    <SEOCOMPOTX>
     <CLSNAME>ZCL_SOLID_ORDER_REPORT_MODEL</CLSNAME>
     <CMPNAME>INPUT</CMPNAME>
     <LANGU>N</LANGU>
     <DESCRIPT>input values</DESCRIPT>
    </SEOCOMPOTX>
    <SEOCOMPOTX>
     <CLSNAME>ZCL_SOLID_ORDER_REPORT_MODEL</CLSNAME>
     <CMPNAME>ORDERS</CMPNAME>
     <LANGU>N</LANGU>
     <DESCRIPT>List</DESCRIPT>
    </SEOCOMPOTX>
    <SEOCOMPOTX>
     <CLSNAME>ZCL_SOLID_ORDER_REPORT_MODEL</CLSNAME>
     <CMPNAME>REMOVED_FAVORITES</CMPNAME>
     <LANGU>N</LANGU>
     <DESCRIPT>List</DESCRIPT>
    </SEOCOMPOTX>
    <SEOCOMPOTX>
     <CLSNAME>ZCL_SOLID_ORDER_REPORT_MODEL</CLSNAME>
     <CMPNAME>SOLID_FAVORITE_REPOSITORY</CMPNAME>
     <LANGU>N</LANGU>
     <DESCRIPT>Favorites Repository</DESCRIPT>
    </SEOCOMPOTX>
    <SEOCOMPOTX>
     <CLSNAME>ZCL_SOLID_ORDER_REPORT_MODEL</CLSNAME>
     <CMPNAME>SOLID_ORDER_REPOSITORY</CMPNAME>
     <LANGU>N</LANGU>
     <DESCRIPT>Sales Order Repository</DESCRIPT>
    </SEOCOMPOTX>
   </DESCRIPTIONS>
  </asx:values>
 </asx:abap>
</abapGit>
