﻿<?xml version="1.0" encoding="utf-8"?>
<abapGit version="v1.0.0" serializer="LCL_OBJECT_CLAS" serializer_version="v1.0.0">
 <asx:abap xmlns:asx="http://www.sap.com/abapxml" version="1.0">
  <asx:values>
   <VSEOCLASS>
    <CLSNAME>ZCL_SOLID_ORDER_REPORT_VIEW</CLSNAME>
    <LANGU>N</LANGU>
    <DESCRIPT>Order Report - View</DESCRIPT>
    <STATE>1</STATE>
    <CLSCCINCL>X</CLSCCINCL>
    <FIXPT>X</FIXPT>
    <UNICODE>X</UNICODE>
   </VSEOCLASS>
   <DESCRIPTIONS>
    <SEOCOMPOTX>
     <CLSNAME>ZCL_SOLID_ORDER_REPORT_VIEW</CLSNAME>
     <CMPNAME>CONSTRUCTOR</CMPNAME>
     <LANGU>N</LANGU>
     <DESCRIPT>CONSTRUCTOR</DESCRIPT>
    </SEOCOMPOTX>
    <SEOCOMPOTX>
     <CLSNAME>ZCL_SOLID_ORDER_REPORT_VIEW</CLSNAME>
     <CMPNAME>MODEL</CMPNAME>
     <LANGU>N</LANGU>
     <DESCRIPT>Order Report - Model</DESCRIPT>
    </SEOCOMPOTX>
    <SEOCOMPOTX>
     <CLSNAME>ZCL_SOLID_ORDER_REPORT_VIEW</CLSNAME>
     <CMPNAME>ON_ADDED_FUNCTION</CMPNAME>
     <LANGU>N</LANGU>
     <DESCRIPT>Handles local ALV event - user input</DESCRIPT>
    </SEOCOMPOTX>
    <SEOCOMPOTX>
     <CLSNAME>ZCL_SOLID_ORDER_REPORT_VIEW</CLSNAME>
     <CMPNAME>ON_FAVORITES_CHANGED</CMPNAME>
     <LANGU>N</LANGU>
     <DESCRIPT>Handles model event</DESCRIPT>
    </SEOCOMPOTX>
    <SEOCOMPOTX>
     <CLSNAME>ZCL_SOLID_ORDER_REPORT_VIEW</CLSNAME>
     <CMPNAME>ON_ORDERS_CHANGED</CMPNAME>
     <LANGU>N</LANGU>
     <DESCRIPT>Handles model event</DESCRIPT>
    </SEOCOMPOTX>
    <SEOCOMPOTX>
     <CLSNAME>ZCL_SOLID_ORDER_REPORT_VIEW</CLSNAME>
     <CMPNAME>TA_SOLIDORDER_ALV</CMPNAME>
     <LANGU>N</LANGU>
     <DESCRIPT>ALV for Solid Orders</DESCRIPT>
    </SEOCOMPOTX>
   </DESCRIPTIONS>
  </asx:values>
 </asx:abap>
</abapGit>
