﻿<?xml version="1.0" encoding="utf-8"?>
<abapGit version="v1.0.0" serializer="LCL_OBJECT_CLAS" serializer_version="v1.0.0">
 <asx:abap xmlns:asx="http://www.sap.com/abapxml" version="1.0">
  <asx:values>
   <VSEOCLASS>
    <CLSNAME>ZCL_SOLID_PRICECOND_INPUT</CLSNAME>
    <LANGU>N</LANGU>
    <DESCRIPT>input values</DESCRIPT>
    <STATE>1</STATE>
    <CLSCCINCL>X</CLSCCINCL>
    <FIXPT>X</FIXPT>
    <UNICODE>X</UNICODE>
   </VSEOCLASS>
   <DESCRIPTIONS>
    <SEOCOMPOTX>
     <CLSNAME>ZCL_SOLID_PRICECOND_INPUT</CLSNAME>
     <CMPNAME>CONSTRUCTOR</CMPNAME>
     <LANGU>N</LANGU>
     <DESCRIPT>constructor</DESCRIPT>
    </SEOCOMPOTX>
    <SEOCOMPOTX>
     <CLSNAME>ZCL_SOLID_PRICECOND_INPUT</CLSNAME>
     <CMPNAME>DISPLAYDATA</CMPNAME>
     <LANGU>N</LANGU>
     <DESCRIPT>Booleaanse variabele (X=true, spatie=false)</DESCRIPT>
    </SEOCOMPOTX>
    <SEOCOMPOTX>
     <CLSNAME>ZCL_SOLID_PRICECOND_INPUT</CLSNAME>
     <CMPNAME>DOWNLOADDATA_LOCAL</CMPNAME>
     <LANGU>N</LANGU>
     <DESCRIPT>Booleaanse variabele (X=true, spatie=false)</DESCRIPT>
    </SEOCOMPOTX>
    <SEOCOMPOTX>
     <CLSNAME>ZCL_SOLID_PRICECOND_INPUT</CLSNAME>
     <CMPNAME>DOWNLOADDATA_SAPSERVER</CMPNAME>
     <LANGU>N</LANGU>
     <DESCRIPT>Booleaanse variabele (X=true, spatie=false)</DESCRIPT>
    </SEOCOMPOTX>
    <SEOCOMPOTX>
     <CLSNAME>ZCL_SOLID_PRICECOND_INPUT</CLSNAME>
     <CMPNAME>LOCALFILE</CMPNAME>
     <LANGU>N</LANGU>
     <DESCRIPT>Lokaal bestand voor upload/download</DESCRIPT>
    </SEOCOMPOTX>
    <SEOCOMPOTX>
     <CLSNAME>ZCL_SOLID_PRICECOND_INPUT</CLSNAME>
     <CMPNAME>LOCALPATH</CMPNAME>
     <LANGU>N</LANGU>
     <DESCRIPT>Lokaal bestand voor upload/download</DESCRIPT>
    </SEOCOMPOTX>
    <SEOCOMPOTX>
     <CLSNAME>ZCL_SOLID_PRICECOND_INPUT</CLSNAME>
     <CMPNAME>RA_CREATIONDATE</CMPNAME>
     <LANGU>N</LANGU>
     <DESCRIPT>Range-table voor &quot;Gecreëerd op&quot;</DESCRIPT>
    </SEOCOMPOTX>
    <SEOCOMPOTX>
     <CLSNAME>ZCL_SOLID_PRICECOND_INPUT</CLSNAME>
     <CMPNAME>RA_CUSTOMER</CMPNAME>
     <LANGU>N</LANGU>
     <DESCRIPT>Range-table voor debiteurselectie</DESCRIPT>
    </SEOCOMPOTX>
    <SEOCOMPOTX>
     <CLSNAME>ZCL_SOLID_PRICECOND_INPUT</CLSNAME>
     <CMPNAME>RA_MATERIAL</CMPNAME>
     <LANGU>N</LANGU>
     <DESCRIPT>Range-tabel voor artikelnummer</DESCRIPT>
    </SEOCOMPOTX>
    <SEOCOMPOTX>
     <CLSNAME>ZCL_SOLID_PRICECOND_INPUT</CLSNAME>
     <CMPNAME>RA_PRICECONDITION</CMPNAME>
     <LANGU>N</LANGU>
     <DESCRIPT>Range-tabel voor het berichtsoort</DESCRIPT>
    </SEOCOMPOTX>
    <SEOCOMPOTX>
     <CLSNAME>ZCL_SOLID_PRICECOND_INPUT</CLSNAME>
     <CMPNAME>RA_PRODHIERARCHY</CMPNAME>
     <LANGU>N</LANGU>
     <DESCRIPT>Range-table voor Product Hierarchy</DESCRIPT>
    </SEOCOMPOTX>
    <SEOCOMPOTX>
     <CLSNAME>ZCL_SOLID_PRICECOND_INPUT</CLSNAME>
     <CMPNAME>RA_SALESOFFICE</CMPNAME>
     <LANGU>N</LANGU>
     <DESCRIPT>Range-tabel voor verkoopkantoor</DESCRIPT>
    </SEOCOMPOTX>
    <SEOCOMPOTX>
     <CLSNAME>ZCL_SOLID_PRICECOND_INPUT</CLSNAME>
     <CMPNAME>RA_SALESORGANIZATION</CMPNAME>
     <LANGU>N</LANGU>
     <DESCRIPT>Range-tabel voor de verkooporganisatie</DESCRIPT>
    </SEOCOMPOTX>
    <SEOCOMPOTX>
     <CLSNAME>ZCL_SOLID_PRICECOND_INPUT</CLSNAME>
     <CMPNAME>RA_SHIPPINGPOINT</CMPNAME>
     <LANGU>N</LANGU>
     <DESCRIPT>Ranget-table voor verzendconditie</DESCRIPT>
    </SEOCOMPOTX>
    <SEOCOMPOTX>
     <CLSNAME>ZCL_SOLID_PRICECOND_INPUT</CLSNAME>
     <CMPNAME>SERVERFILE</CMPNAME>
     <LANGU>N</LANGU>
     <DESCRIPT>Lokaal bestand voor upload/download</DESCRIPT>
    </SEOCOMPOTX>
    <SEOCOMPOTX>
     <CLSNAME>ZCL_SOLID_PRICECOND_INPUT</CLSNAME>
     <CMPNAME>SERVERPATH</CMPNAME>
     <LANGU>N</LANGU>
     <DESCRIPT>Lokaal bestand voor upload/download</DESCRIPT>
    </SEOCOMPOTX>
   </DESCRIPTIONS>
  </asx:values>
 </asx:abap>
</abapGit>
