﻿<?xml version="1.0" encoding="utf-8"?>
<abapGit version="v1.0.0" serializer="LCL_OBJECT_CLAS" serializer_version="v1.0.0">
 <asx:abap xmlns:asx="http://www.sap.com/abapxml" version="1.0">
  <asx:values>
   <VSEOCLASS>
    <CLSNAME>ZCL_SOLID_CONDITION</CLSNAME>
    <LANGU>N</LANGU>
    <DESCRIPT>order condition</DESCRIPT>
    <STATE>1</STATE>
    <CLSCCINCL>X</CLSCCINCL>
    <FIXPT>X</FIXPT>
    <UNICODE>X</UNICODE>
   </VSEOCLASS>
   <DESCRIPTIONS>
    <SEOCOMPOTX>
     <CLSNAME>ZCL_SOLID_CONDITION</CLSNAME>
     <CMPNAME>CONDITION_TYPE</CMPNAME>
     <LANGU>N</LANGU>
     <DESCRIPT>Conditiesoort</DESCRIPT>
    </SEOCOMPOTX>
    <SEOCOMPOTX>
     <CLSNAME>ZCL_SOLID_CONDITION</CLSNAME>
     <CMPNAME>PRICE</CMPNAME>
     <LANGU>N</LANGU>
     <DESCRIPT>Price condittions DOMAIN</DESCRIPT>
    </SEOCOMPOTX>
    <SEOCOMPOTX>
     <CLSNAME>ZCL_SOLID_CONDITION</CLSNAME>
     <CMPNAME>QUANTITY</CMPNAME>
     <LANGU>N</LANGU>
     <DESCRIPT>Quantity DOMAIN</DESCRIPT>
    </SEOCOMPOTX>
   </DESCRIPTIONS>
  </asx:values>
 </asx:abap>
</abapGit>
