﻿<?xml version="1.0" encoding="utf-8"?>
<abapGit version="v1.0.0" serializer="LCL_OBJECT_CLAS" serializer_version="v1.0.0">
 <asx:abap xmlns:asx="http://www.sap.com/abapxml" version="1.0">
  <asx:values>
   <VSEOCLASS>
    <CLSNAME>ZCL_SOLID_FAVORITE</CLSNAME>
    <LANGU>N</LANGU>
    <DESCRIPT>Favorite</DESCRIPT>
    <STATE>1</STATE>
    <CLSCCINCL>X</CLSCCINCL>
    <FIXPT>X</FIXPT>
    <UNICODE>X</UNICODE>
   </VSEOCLASS>
   <DESCRIPTIONS>
    <SEOCOMPOTX>
     <CLSNAME>ZCL_SOLID_FAVORITE</CLSNAME>
     <CMPNAME>CONSTRUCTOR</CMPNAME>
     <LANGU>N</LANGU>
     <DESCRIPT>CONSTRUCTOR</DESCRIPT>
    </SEOCOMPOTX>
    <SEOCOMPOTX>
     <CLSNAME>ZCL_SOLID_FAVORITE</CLSNAME>
     <CMPNAME>ORDER_NUMBER</CMPNAME>
     <LANGU>N</LANGU>
     <DESCRIPT>Verkoopdocument</DESCRIPT>
    </SEOCOMPOTX>
    <SEOCOMPOTX>
     <CLSNAME>ZCL_SOLID_FAVORITE</CLSNAME>
     <CMPNAME>POSITION_NUMBER</CMPNAME>
     <LANGU>N</LANGU>
     <DESCRIPT>Positienummer van verkoopdocument</DESCRIPT>
    </SEOCOMPOTX>
    <SEOCOMPOTX>
     <CLSNAME>ZCL_SOLID_FAVORITE</CLSNAME>
     <CMPNAME>USER</CMPNAME>
     <LANGU>N</LANGU>
     <DESCRIPT>Gebruikersnaam</DESCRIPT>
    </SEOCOMPOTX>
   </DESCRIPTIONS>
  </asx:values>
 </asx:abap>
</abapGit>
