﻿<?xml version="1.0" encoding="utf-8"?>
<abapGit version="v1.0.0" serializer="LCL_OBJECT_CLAS" serializer_version="v1.0.0">
 <asx:abap xmlns:asx="http://www.sap.com/abapxml" version="1.0">
  <asx:values>
   <VSEOCLASS>
    <CLSNAME>ZCL_SOLID_ORDERPOSITION</CLSNAME>
    <LANGU>N</LANGU>
    <DESCRIPT>Sales order position</DESCRIPT>
    <STATE>1</STATE>
    <CLSCCINCL>X</CLSCCINCL>
    <FIXPT>X</FIXPT>
    <UNICODE>X</UNICODE>
   </VSEOCLASS>
   <DESCRIPTIONS>
    <SEOCOMPOTX>
     <CLSNAME>ZCL_SOLID_ORDERPOSITION</CLSNAME>
     <CMPNAME>CONDITIONS</CMPNAME>
     <LANGU>N</LANGU>
     <DESCRIPT>List</DESCRIPT>
    </SEOCOMPOTX>
    <SEOCOMPOTX>
     <CLSNAME>ZCL_SOLID_ORDERPOSITION</CLSNAME>
     <CMPNAME>MATERIAL</CMPNAME>
     <LANGU>N</LANGU>
     <DESCRIPT>material DOMAIN</DESCRIPT>
    </SEOCOMPOTX>
    <SEOCOMPOTX>
     <CLSNAME>ZCL_SOLID_ORDERPOSITION</CLSNAME>
     <CMPNAME>NUMBER</CMPNAME>
     <LANGU>N</LANGU>
     <DESCRIPT>Positienummer van verkoopdocument</DESCRIPT>
    </SEOCOMPOTX>
    <SEOCOMPOTX>
     <CLSNAME>ZCL_SOLID_ORDERPOSITION</CLSNAME>
     <CMPNAME>ORDER</CMPNAME>
     <LANGU>N</LANGU>
     <DESCRIPT>sales order</DESCRIPT>
    </SEOCOMPOTX>
    <SEOCOMPOTX>
     <CLSNAME>ZCL_SOLID_ORDERPOSITION</CLSNAME>
     <CMPNAME>PRICECOND</CMPNAME>
     <LANGU>N</LANGU>
     <DESCRIPT>Price condittions DOMAIN</DESCRIPT>
    </SEOCOMPOTX>
   </DESCRIPTIONS>
  </asx:values>
 </asx:abap>
</abapGit>
