﻿<?xml version="1.0" encoding="utf-8"?>
<abapGit version="v1.0.0" serializer="LCL_OBJECT_DOMA" serializer_version="v1.0.0">
 <asx:abap xmlns:asx="http://www.sap.com/abapxml" version="1.0">
  <asx:values>
   <DD01V>
    <DOMNAME>ZCHAR40_COGNOS</DOMNAME>
    <DDLANGUAGE>N</DDLANGUAGE>
    <DATATYPE>CHAR</DATATYPE>
    <LENG>000040</LENG>
    <OUTPUTLEN>000040</OUTPUTLEN>
    <LOWERCASE>X</LOWERCASE>
    <DDTEXT>Alfanumeriek veld, lengte 40</DDTEXT>
    <APPLCLASS>SAP</APPLCLASS>
   </DD01V>
   <I18N_LANGS>
    <LANGU>C</LANGU>
    <LANGU>D</LANGU>
    <LANGU>E</LANGU>
    <LANGU>F</LANGU>
    <LANGU>Q</LANGU>
   </I18N_LANGS>
   <DD01_TEXTS>
    <item>
     <DDLANGUAGE>C</DDLANGUAGE>
     <DDTEXT>Pole o délce 40 znaků</DDTEXT>
    </item>
    <item>
     <DDLANGUAGE>D</DDLANGUAGE>
     <DDTEXT>Charakterfeld Länge 40</DDTEXT>
    </item>
    <item>
     <DDLANGUAGE>E</DDLANGUAGE>
     <DDTEXT>Character Field (Length 40)</DDTEXT>
    </item>
    <item>
     <DDLANGUAGE>F</DDLANGUAGE>
     <DDTEXT>Zone de 40 caractères</DDTEXT>
    </item>
    <item>
     <DDLANGUAGE>Q</DDLANGUAGE>
     <DDTEXT>Znakové pole dĺžky 40</DDTEXT>
    </item>
   </DD01_TEXTS>
  </asx:values>
 </asx:abap>
</abapGit>
