﻿<?xml version="1.0" encoding="utf-8"?>
<abapGit version="v1.0.0" serializer="LCL_OBJECT_CLAS" serializer_version="v1.0.0">
 <asx:abap xmlns:asx="http://www.sap.com/abapxml" version="1.0">
  <asx:values>
   <VSEOCLASS>
    <CLSNAME>ZCL_PRICECOND_REVENUE_SERVICE</CLSNAME>
    <LANGU>N</LANGU>
    <DESCRIPT>pricecondition and revenue service</DESCRIPT>
    <STATE>1</STATE>
    <CLSCCINCL>X</CLSCCINCL>
    <FIXPT>X</FIXPT>
    <UNICODE>X</UNICODE>
   </VSEOCLASS>
   <DESCRIPTIONS>
    <SEOCOMPOTX>
     <CLSNAME>ZCL_PRICECOND_REVENUE_SERVICE</CLSNAME>
     <CMPNAME>ALVDATA_TAB</CMPNAME>
     <LANGU>N</LANGU>
     <DESCRIPT>ALV table</DESCRIPT>
    </SEOCOMPOTX>
    <SEOCOMPOTX>
     <CLSNAME>ZCL_PRICECOND_REVENUE_SERVICE</CLSNAME>
     <CMPNAME>ALVTABLE</CMPNAME>
     <LANGU>N</LANGU>
     <DESCRIPT>ALV table class</DESCRIPT>
    </SEOCOMPOTX>
    <SEOCOMPOTX>
     <CLSNAME>ZCL_PRICECOND_REVENUE_SERVICE</CLSNAME>
     <CMPNAME>BUILD_ALVTABLE</CMPNAME>
     <LANGU>N</LANGU>
     <DESCRIPT>Build Up ALV table from different Itabs</DESCRIPT>
    </SEOCOMPOTX>
    <SEOCOMPOTX>
     <CLSNAME>ZCL_PRICECOND_REVENUE_SERVICE</CLSNAME>
     <CMPNAME>BUILD_FIELDCATALOG</CMPNAME>
     <LANGU>N</LANGU>
     <DESCRIPT>ALV specific settings and options</DESCRIPT>
    </SEOCOMPOTX>
    <SEOCOMPOTX>
     <CLSNAME>ZCL_PRICECOND_REVENUE_SERVICE</CLSNAME>
     <CMPNAME>CONSTRUCTOR</CMPNAME>
     <LANGU>N</LANGU>
     <DESCRIPT>Contructor</DESCRIPT>
    </SEOCOMPOTX>
    <SEOCOMPOTX>
     <CLSNAME>ZCL_PRICECOND_REVENUE_SERVICE</CLSNAME>
     <CMPNAME>DELDATA_TAB</CMPNAME>
     <LANGU>N</LANGU>
     <DESCRIPT>itab delivery</DESCRIPT>
    </SEOCOMPOTX>
    <SEOCOMPOTX>
     <CLSNAME>ZCL_PRICECOND_REVENUE_SERVICE</CLSNAME>
     <CMPNAME>EXECUTE_REPORT</CMPNAME>
     <LANGU>N</LANGU>
     <DESCRIPT>run the report with input parameters</DESCRIPT>
    </SEOCOMPOTX>
    <SEOCOMPOTX>
     <CLSNAME>ZCL_PRICECOND_REVENUE_SERVICE</CLSNAME>
     <CMPNAME>GET_KONDITION_VALUES</CMPNAME>
     <LANGU>N</LANGU>
     <DESCRIPT>konditions and values</DESCRIPT>
    </SEOCOMPOTX>
    <SEOCOMPOTX>
     <CLSNAME>ZCL_PRICECOND_REVENUE_SERVICE</CLSNAME>
     <CMPNAME>INPUT_SEL</CMPNAME>
     <LANGU>N</LANGU>
     <DESCRIPT>input values</DESCRIPT>
    </SEOCOMPOTX>
    <SEOCOMPOTX>
     <CLSNAME>ZCL_PRICECOND_REVENUE_SERVICE</CLSNAME>
     <CMPNAME>KONVDATA_TAB</CMPNAME>
     <LANGU>N</LANGU>
     <DESCRIPT>itab condiitions</DESCRIPT>
    </SEOCOMPOTX>
    <SEOCOMPOTX>
     <CLSNAME>ZCL_PRICECOND_REVENUE_SERVICE</CLSNAME>
     <CMPNAME>NUM2CHAR</CMPNAME>
     <LANGU>N</LANGU>
     <DESCRIPT>Numeric to character</DESCRIPT>
    </SEOCOMPOTX>
    <SEOCOMPOTX>
     <CLSNAME>ZCL_PRICECOND_REVENUE_SERVICE</CLSNAME>
     <CMPNAME>READ_CONDITIONS</CMPNAME>
     <LANGU>N</LANGU>
     <DESCRIPT>read all pricing conditions in connection to sales orders</DESCRIPT>
    </SEOCOMPOTX>
    <SEOCOMPOTX>
     <CLSNAME>ZCL_PRICECOND_REVENUE_SERVICE</CLSNAME>
     <CMPNAME>READ_DELIVERIES</CMPNAME>
     <LANGU>N</LANGU>
     <DESCRIPT>read all completely processed deliveries for selection</DESCRIPT>
    </SEOCOMPOTX>
    <SEOCOMPOTX>
     <CLSNAME>ZCL_PRICECOND_REVENUE_SERVICE</CLSNAME>
     <CMPNAME>READ_SALESORDERS</CMPNAME>
     <LANGU>N</LANGU>
     <DESCRIPT>read all salesorders in connection to found deliveries</DESCRIPT>
    </SEOCOMPOTX>
    <SEOCOMPOTX>
     <CLSNAME>ZCL_PRICECOND_REVENUE_SERVICE</CLSNAME>
     <CMPNAME>SET_SIGN_AMOUNTS</CMPNAME>
     <LANGU>N</LANGU>
     <DESCRIPT>set positive or negative sign for amounts</DESCRIPT>
    </SEOCOMPOTX>
    <SEOCOMPOTX>
     <CLSNAME>ZCL_PRICECOND_REVENUE_SERVICE</CLSNAME>
     <CMPNAME>SODATA_TAB</CMPNAME>
     <LANGU>N</LANGU>
     <DESCRIPT>itab sales order</DESCRIPT>
    </SEOCOMPOTX>
    <SEOCOMPOTX>
     <CLSNAME>ZCL_PRICECOND_REVENUE_SERVICE</CLSNAME>
     <CMPNAME>WRITE_FILE_2_SERVER</CMPNAME>
     <LANGU>N</LANGU>
     <DESCRIPT>write report data to file on server</DESCRIPT>
    </SEOCOMPOTX>
   </DESCRIPTIONS>
  </asx:values>
 </asx:abap>
</abapGit>
