﻿<?xml version="1.0" encoding="utf-8"?>
<abapGit version="v1.0.0" serializer="LCL_OBJECT_TABL" serializer_version="v1.0.0">
 <asx:abap xmlns:asx="http://www.sap.com/abapxml" version="1.0">
  <asx:values>
   <DD02V>
    <TABNAME>ZFAGL_SALDI_COGHFM</TABNAME>
    <DDLANGUAGE>N</DDLANGUAGE>
    <TABCLASS>INTTAB</TABCLASS>
    <DDTEXT>Saldilijsten per periode (werkelijk/budget)</DDTEXT>
    <EXCLASS>4</EXCLASS>
   </DD02V>
   <DD03P_TABLE>
    <DD03P>
     <TABNAME>ZFAGL_SALDI_COGHFM</TABNAME>
     <FIELDNAME>BUKRS</FIELDNAME>
     <POSITION>0001</POSITION>
     <ROLLNAME>BUKRS</ROLLNAME>
     <ADMINFIELD>0</ADMINFIELD>
     <SHLPORIGIN>D</SHLPORIGIN>
     <COMPTYPE>E</COMPTYPE>
    </DD03P>
    <DD03P>
     <TABNAME>ZFAGL_SALDI_COGHFM</TABNAME>
     <FIELDNAME>BUTXT</FIELDNAME>
     <POSITION>0002</POSITION>
     <ROLLNAME>BUTXT</ROLLNAME>
     <ADMINFIELD>0</ADMINFIELD>
     <COMPTYPE>E</COMPTYPE>
    </DD03P>
    <DD03P>
     <TABNAME>ZFAGL_SALDI_COGHFM</TABNAME>
     <FIELDNAME>RACCT</FIELDNAME>
     <POSITION>0003</POSITION>
     <ROLLNAME>RACCT</ROLLNAME>
     <ADMINFIELD>0</ADMINFIELD>
     <COMPTYPE>E</COMPTYPE>
    </DD03P>
    <DD03P>
     <TABNAME>ZFAGL_SALDI_COGHFM</TABNAME>
     <FIELDNAME>SAKNR_HFM</FIELDNAME>
     <POSITION>0004</POSITION>
     <ROLLNAME>ZSAKNR_HFM</ROLLNAME>
     <ADMINFIELD>0</ADMINFIELD>
     <COMPTYPE>E</COMPTYPE>
    </DD03P>
    <DD03P>
     <TABNAME>ZFAGL_SALDI_COGHFM</TABNAME>
     <FIELDNAME>SAKNR_COGNOS</FIELDNAME>
     <POSITION>0005</POSITION>
     <ROLLNAME>ZSAKNR_COGNOS</ROLLNAME>
     <ADMINFIELD>0</ADMINFIELD>
     <COMPTYPE>E</COMPTYPE>
    </DD03P>
    <DD03P>
     <TABNAME>ZFAGL_SALDI_COGHFM</TABNAME>
     <FIELDNAME>TXT20_SKAT</FIELDNAME>
     <POSITION>0006</POSITION>
     <ROLLNAME>TXT20_SKAT</ROLLNAME>
     <ADMINFIELD>0</ADMINFIELD>
     <COMPTYPE>E</COMPTYPE>
    </DD03P>
    <DD03P>
     <TABNAME>ZFAGL_SALDI_COGHFM</TABNAME>
     <FIELDNAME>SAKNR_HFMDESCR</FIELDNAME>
     <POSITION>0007</POSITION>
     <ROLLNAME>ZSAKNR_HFMDESCR</ROLLNAME>
     <ADMINFIELD>0</ADMINFIELD>
     <COMPTYPE>E</COMPTYPE>
    </DD03P>
    <DD03P>
     <TABNAME>ZFAGL_SALDI_COGHFM</TABNAME>
     <FIELDNAME>SAKNR_COGNOSDESCR</FIELDNAME>
     <POSITION>0008</POSITION>
     <ROLLNAME>ZSAKNR_COGNOSDESCR</ROLLNAME>
     <ADMINFIELD>0</ADMINFIELD>
     <COMPTYPE>E</COMPTYPE>
    </DD03P>
    <DD03P>
     <TABNAME>ZFAGL_SALDI_COGHFM</TABNAME>
     <FIELDNAME>PRCTR</FIELDNAME>
     <POSITION>0009</POSITION>
     <ROLLNAME>PRCTR</ROLLNAME>
     <ADMINFIELD>0</ADMINFIELD>
     <SHLPORIGIN>D</SHLPORIGIN>
     <COMPTYPE>E</COMPTYPE>
    </DD03P>
    <DD03P>
     <TABNAME>ZFAGL_SALDI_COGHFM</TABNAME>
     <FIELDNAME>PRCTR_DESCR</FIELDNAME>
     <POSITION>0010</POSITION>
     <ROLLNAME>ZPRCTR_DESCR</ROLLNAME>
     <ADMINFIELD>0</ADMINFIELD>
     <COMPTYPE>E</COMPTYPE>
    </DD03P>
    <DD03P>
     <TABNAME>ZFAGL_SALDI_COGHFM</TABNAME>
     <FIELDNAME>BNAME</FIELDNAME>
     <POSITION>0011</POSITION>
     <ROLLNAME>XUBNAME</ROLLNAME>
     <ADMINFIELD>0</ADMINFIELD>
     <COMPTYPE>E</COMPTYPE>
    </DD03P>
    <DD03P>
     <TABNAME>ZFAGL_SALDI_COGHFM</TABNAME>
     <FIELDNAME>AMOUNT01</FIELDNAME>
     <POSITION>0012</POSITION>
     <ROLLNAME>ZAMOUNT</ROLLNAME>
     <ADMINFIELD>0</ADMINFIELD>
     <REFTABLE>ZFAGL_SALDI_COGHFM</REFTABLE>
     <REFFIELD>WAERS</REFFIELD>
     <COMPTYPE>E</COMPTYPE>
    </DD03P>
    <DD03P>
     <TABNAME>ZFAGL_SALDI_COGHFM</TABNAME>
     <FIELDNAME>AMOUNT02</FIELDNAME>
     <POSITION>0013</POSITION>
     <ROLLNAME>ZAMOUNT</ROLLNAME>
     <ADMINFIELD>0</ADMINFIELD>
     <REFTABLE>ZFAGL_SALDI_COGHFM</REFTABLE>
     <REFFIELD>WAERS</REFFIELD>
     <COMPTYPE>E</COMPTYPE>
    </DD03P>
    <DD03P>
     <TABNAME>ZFAGL_SALDI_COGHFM</TABNAME>
     <FIELDNAME>AMOUNT03</FIELDNAME>
     <POSITION>0014</POSITION>
     <ROLLNAME>ZAMOUNT</ROLLNAME>
     <ADMINFIELD>0</ADMINFIELD>
     <REFTABLE>ZFAGL_SALDI_COGHFM</REFTABLE>
     <REFFIELD>WAERS</REFFIELD>
     <COMPTYPE>E</COMPTYPE>
    </DD03P>
    <DD03P>
     <TABNAME>ZFAGL_SALDI_COGHFM</TABNAME>
     <FIELDNAME>AMOUNT04</FIELDNAME>
     <POSITION>0015</POSITION>
     <ROLLNAME>ZAMOUNT</ROLLNAME>
     <ADMINFIELD>0</ADMINFIELD>
     <REFTABLE>ZFAGL_SALDI_COGHFM</REFTABLE>
     <REFFIELD>WAERS</REFFIELD>
     <COMPTYPE>E</COMPTYPE>
    </DD03P>
    <DD03P>
     <TABNAME>ZFAGL_SALDI_COGHFM</TABNAME>
     <FIELDNAME>AMOUNT05</FIELDNAME>
     <POSITION>0016</POSITION>
     <ROLLNAME>ZAMOUNT</ROLLNAME>
     <ADMINFIELD>0</ADMINFIELD>
     <REFTABLE>ZFAGL_SALDI_COGHFM</REFTABLE>
     <REFFIELD>WAERS</REFFIELD>
     <COMPTYPE>E</COMPTYPE>
    </DD03P>
    <DD03P>
     <TABNAME>ZFAGL_SALDI_COGHFM</TABNAME>
     <FIELDNAME>AMOUNT06</FIELDNAME>
     <POSITION>0017</POSITION>
     <ROLLNAME>ZAMOUNT</ROLLNAME>
     <ADMINFIELD>0</ADMINFIELD>
     <REFTABLE>ZFAGL_SALDI_COGHFM</REFTABLE>
     <REFFIELD>WAERS</REFFIELD>
     <COMPTYPE>E</COMPTYPE>
    </DD03P>
    <DD03P>
     <TABNAME>ZFAGL_SALDI_COGHFM</TABNAME>
     <FIELDNAME>AMOUNT07</FIELDNAME>
     <POSITION>0018</POSITION>
     <ROLLNAME>ZAMOUNT</ROLLNAME>
     <ADMINFIELD>0</ADMINFIELD>
     <REFTABLE>ZFAGL_SALDI_COGHFM</REFTABLE>
     <REFFIELD>WAERS</REFFIELD>
     <COMPTYPE>E</COMPTYPE>
    </DD03P>
    <DD03P>
     <TABNAME>ZFAGL_SALDI_COGHFM</TABNAME>
     <FIELDNAME>AMOUNT08</FIELDNAME>
     <POSITION>0019</POSITION>
     <ROLLNAME>ZAMOUNT</ROLLNAME>
     <ADMINFIELD>0</ADMINFIELD>
     <REFTABLE>ZFAGL_SALDI_COGHFM</REFTABLE>
     <REFFIELD>WAERS</REFFIELD>
     <COMPTYPE>E</COMPTYPE>
    </DD03P>
    <DD03P>
     <TABNAME>ZFAGL_SALDI_COGHFM</TABNAME>
     <FIELDNAME>AMOUNT09</FIELDNAME>
     <POSITION>0020</POSITION>
     <ROLLNAME>ZAMOUNT</ROLLNAME>
     <ADMINFIELD>0</ADMINFIELD>
     <REFTABLE>ZFAGL_SALDI_COGHFM</REFTABLE>
     <REFFIELD>WAERS</REFFIELD>
     <COMPTYPE>E</COMPTYPE>
    </DD03P>
    <DD03P>
     <TABNAME>ZFAGL_SALDI_COGHFM</TABNAME>
     <FIELDNAME>AMOUNT10</FIELDNAME>
     <POSITION>0021</POSITION>
     <ROLLNAME>ZAMOUNT</ROLLNAME>
     <ADMINFIELD>0</ADMINFIELD>
     <REFTABLE>ZFAGL_SALDI_COGHFM</REFTABLE>
     <REFFIELD>WAERS</REFFIELD>
     <COMPTYPE>E</COMPTYPE>
    </DD03P>
    <DD03P>
     <TABNAME>ZFAGL_SALDI_COGHFM</TABNAME>
     <FIELDNAME>AMOUNT11</FIELDNAME>
     <POSITION>0022</POSITION>
     <ROLLNAME>ZAMOUNT</ROLLNAME>
     <ADMINFIELD>0</ADMINFIELD>
     <REFTABLE>ZFAGL_SALDI_COGHFM</REFTABLE>
     <REFFIELD>WAERS</REFFIELD>
     <COMPTYPE>E</COMPTYPE>
    </DD03P>
    <DD03P>
     <TABNAME>ZFAGL_SALDI_COGHFM</TABNAME>
     <FIELDNAME>AMOUNT12</FIELDNAME>
     <POSITION>0023</POSITION>
     <ROLLNAME>ZAMOUNT</ROLLNAME>
     <ADMINFIELD>0</ADMINFIELD>
     <REFTABLE>ZFAGL_SALDI_COGHFM</REFTABLE>
     <REFFIELD>WAERS</REFFIELD>
     <COMPTYPE>E</COMPTYPE>
    </DD03P>
    <DD03P>
     <TABNAME>ZFAGL_SALDI_COGHFM</TABNAME>
     <FIELDNAME>AMOUNT13</FIELDNAME>
     <POSITION>0024</POSITION>
     <ROLLNAME>ZAMOUNT</ROLLNAME>
     <ADMINFIELD>0</ADMINFIELD>
     <REFTABLE>ZFAGL_SALDI_COGHFM</REFTABLE>
     <REFFIELD>WAERS</REFFIELD>
     <COMPTYPE>E</COMPTYPE>
    </DD03P>
    <DD03P>
     <TABNAME>ZFAGL_SALDI_COGHFM</TABNAME>
     <FIELDNAME>AMOUNT_REST</FIELDNAME>
     <POSITION>0025</POSITION>
     <ROLLNAME>ZAMOUNT</ROLLNAME>
     <ADMINFIELD>0</ADMINFIELD>
     <REFTABLE>ZFAGL_SALDI_COGHFM</REFTABLE>
     <REFFIELD>WAERS</REFFIELD>
     <COMPTYPE>E</COMPTYPE>
    </DD03P>
    <DD03P>
     <TABNAME>ZFAGL_SALDI_COGHFM</TABNAME>
     <FIELDNAME>WAERS</FIELDNAME>
     <POSITION>0026</POSITION>
     <ROLLNAME>WAERS</ROLLNAME>
     <ADMINFIELD>0</ADMINFIELD>
     <COMPTYPE>E</COMPTYPE>
    </DD03P>
   </DD03P_TABLE>
   <I18N_LANGS>
    <LANGU>C</LANGU>
   </I18N_LANGS>
   <DD02_TEXTS>
    <item>
     <DDLANGUAGE>C</DDLANGUAGE>
     <DDTEXT>Přehled salda za období (skutečnost/plán)</DDTEXT>
    </item>
   </DD02_TEXTS>
  </asx:values>
 </asx:abap>
</abapGit>
