﻿<?xml version="1.0" encoding="utf-8"?>
<abapGit version="v1.0.0" serializer="LCL_OBJECT_DTEL" serializer_version="v1.0.0">
 <asx:abap xmlns:asx="http://www.sap.com/abapxml" version="1.0">
  <asx:values>
   <DD04V>
    <ROLLNAME>ZSAKNR_HFMDESCR</ROLLNAME>
    <DDLANGUAGE>N</DDLANGUAGE>
    <DOMNAME>ZCHAR40_HFM</DOMNAME>
    <HEADLEN>20</HEADLEN>
    <SCRLEN1>07</SCRLEN1>
    <SCRLEN2>20</SCRLEN2>
    <SCRLEN3>20</SCRLEN3>
    <DDTEXT>Beschrijving HFM nr.</DDTEXT>
    <REPTEXT>Beschrijving HFM nr.</REPTEXT>
    <SCRTEXT_S>Beschr.</SCRTEXT_S>
    <SCRTEXT_M>Beschrijving HFM nr.</SCRTEXT_M>
    <SCRTEXT_L>Beschrijving HFM nr.</SCRTEXT_L>
    <DTELMASTER>N</DTELMASTER>
    <REFKIND>D</REFKIND>
   </DD04V>
  </asx:values>
 </asx:abap>
</abapGit>
