﻿<?xml version="1.0" encoding="utf-8"?>
<abapGit version="v1.0.0" serializer="LCL_OBJECT_DTEL" serializer_version="v1.0.0">
 <asx:abap xmlns:asx="http://www.sap.com/abapxml" version="1.0">
  <asx:values>
   <DD04V>
    <ROLLNAME>ZSAKNR_HFM</ROLLNAME>
    <DDLANGUAGE>N</DDLANGUAGE>
    <DOMNAME>SAKNR</DOMNAME>
    <HEADLEN>07</HEADLEN>
    <SCRLEN1>07</SCRLEN1>
    <SCRLEN2>07</SCRLEN2>
    <SCRLEN3>07</SCRLEN3>
    <DDTEXT>rekeningnummer HFM</DDTEXT>
    <REPTEXT>HFM nr.</REPTEXT>
    <SCRTEXT_S>HFM nr.</SCRTEXT_S>
    <SCRTEXT_M>HFM nr.</SCRTEXT_M>
    <SCRTEXT_L>HFM nr.</SCRTEXT_L>
    <DTELMASTER>N</DTELMASTER>
    <REFKIND>D</REFKIND>
   </DD04V>
  </asx:values>
 </asx:abap>
</abapGit>
