﻿<?xml version="1.0" encoding="utf-8"?>
<abapGit version="v1.0.0" serializer="LCL_OBJECT_DTEL" serializer_version="v1.0.0">
 <asx:abap xmlns:asx="http://www.sap.com/abapxml" version="1.0">
  <asx:values>
   <DD04V>
    <ROLLNAME>ZSAKNR_COGNOSDESCR</ROLLNAME>
    <DDLANGUAGE>N</DDLANGUAGE>
    <DOMNAME>ZCHAR40_COGNOS</DOMNAME>
    <HEADLEN>23</HEADLEN>
    <SCRLEN1>07</SCRLEN1>
    <SCRLEN2>19</SCRLEN2>
    <SCRLEN3>23</SCRLEN3>
    <DDTEXT>Beschrijving Cognos nr.</DDTEXT>
    <REPTEXT>Beschrijving Cognos nr.</REPTEXT>
    <SCRTEXT_S>Beschr.</SCRTEXT_S>
    <SCRTEXT_M>Beschrijving Cognos</SCRTEXT_M>
    <SCRTEXT_L>Beschrijving Cognos nr.</SCRTEXT_L>
    <DTELMASTER>N</DTELMASTER>
    <REFKIND>D</REFKIND>
   </DD04V>
  </asx:values>
 </asx:abap>
</abapGit>
