﻿<?xml version="1.0" encoding="utf-8"?>
<abapGit version="v1.0.0" serializer="LCL_OBJECT_DTEL" serializer_version="v1.0.0">
 <asx:abap xmlns:asx="http://www.sap.com/abapxml" version="1.0">
  <asx:values>
   <DD04V>
    <ROLLNAME>ZSAKNR_COGNOS</ROLLNAME>
    <DDLANGUAGE>N</DDLANGUAGE>
    <DOMNAME>SAKNR</DOMNAME>
    <HEADLEN>10</HEADLEN>
    <SCRLEN1>10</SCRLEN1>
    <SCRLEN2>10</SCRLEN2>
    <SCRLEN3>10</SCRLEN3>
    <DDTEXT>Rekeningnummer Cognos</DDTEXT>
    <REPTEXT>Cognos nr.</REPTEXT>
    <SCRTEXT_S>Cognos nr.</SCRTEXT_S>
    <SCRTEXT_M>Cognos nr.</SCRTEXT_M>
    <SCRTEXT_L>Cognos nr.</SCRTEXT_L>
    <DTELMASTER>N</DTELMASTER>
    <REFKIND>D</REFKIND>
   </DD04V>
  </asx:values>
 </asx:abap>
</abapGit>
