﻿<?xml version="1.0" encoding="utf-8"?>
<abapGit version="v1.0.0" serializer="LCL_OBJECT_TABL" serializer_version="v1.0.0">
 <asx:abap xmlns:asx="http://www.sap.com/abapxml" version="1.0">
  <asx:values>
   <DD02V>
    <TABNAME>ZST_BUDGETVERGELIJKING_COGHFM</TABNAME>
    <DDLANGUAGE>N</DDLANGUAGE>
    <TABCLASS>INTTAB</TABCLASS>
    <DDTEXT>Budgetvergelijking Cognos HFM</DDTEXT>
    <EXCLASS>3</EXCLASS>
   </DD02V>
   <DD03P_TABLE>
    <DD03P>
     <TABNAME>ZST_BUDGETVERGELIJKING_COGHFM</TABNAME>
     <FIELDNAME>PRCTR</FIELDNAME>
     <POSITION>0001</POSITION>
     <ROLLNAME>PRCTR</ROLLNAME>
     <ADMINFIELD>0</ADMINFIELD>
     <SHLPORIGIN>D</SHLPORIGIN>
     <COMPTYPE>E</COMPTYPE>
    </DD03P>
    <DD03P>
     <TABNAME>ZST_BUDGETVERGELIJKING_COGHFM</TABNAME>
     <FIELDNAME>KTEXT</FIELDNAME>
     <POSITION>0002</POSITION>
     <ROLLNAME>KTEXT</ROLLNAME>
     <ADMINFIELD>0</ADMINFIELD>
     <COMPTYPE>E</COMPTYPE>
    </DD03P>
    <DD03P>
     <TABNAME>ZST_BUDGETVERGELIJKING_COGHFM</TABNAME>
     <FIELDNAME>HOOFD</FIELDNAME>
     <POSITION>0003</POSITION>
     <ROLLNAME>ZFIHOOFD_RUBR</ROLLNAME>
     <ADMINFIELD>0</ADMINFIELD>
     <COMPTYPE>E</COMPTYPE>
    </DD03P>
    <DD03P>
     <TABNAME>ZST_BUDGETVERGELIJKING_COGHFM</TABNAME>
     <FIELDNAME>RUBRIEK</FIELDNAME>
     <POSITION>0004</POSITION>
     <ROLLNAME>ZFIRUBRIEK</ROLLNAME>
     <ADMINFIELD>0</ADMINFIELD>
     <COMPTYPE>E</COMPTYPE>
    </DD03P>
    <DD03P>
     <TABNAME>ZST_BUDGETVERGELIJKING_COGHFM</TABNAME>
     <FIELDNAME>BEZEI</FIELDNAME>
     <POSITION>0005</POSITION>
     <ROLLNAME>TEXT20</ROLLNAME>
     <ADMINFIELD>0</ADMINFIELD>
     <COMPTYPE>E</COMPTYPE>
    </DD03P>
    <DD03P>
     <TABNAME>ZST_BUDGETVERGELIJKING_COGHFM</TABNAME>
     <FIELDNAME>RUBRIEK2</FIELDNAME>
     <POSITION>0006</POSITION>
     <ROLLNAME>ZFIRUBRIEK2</ROLLNAME>
     <ADMINFIELD>0</ADMINFIELD>
     <COMPTYPE>E</COMPTYPE>
    </DD03P>
    <DD03P>
     <TABNAME>ZST_BUDGETVERGELIJKING_COGHFM</TABNAME>
     <FIELDNAME>BEZEI2</FIELDNAME>
     <POSITION>0007</POSITION>
     <ROLLNAME>TEXT20</ROLLNAME>
     <ADMINFIELD>0</ADMINFIELD>
     <COMPTYPE>E</COMPTYPE>
    </DD03P>
    <DD03P>
     <TABNAME>ZST_BUDGETVERGELIJKING_COGHFM</TABNAME>
     <FIELDNAME>SAKNR</FIELDNAME>
     <POSITION>0008</POSITION>
     <ROLLNAME>SAKNR</ROLLNAME>
     <ADMINFIELD>0</ADMINFIELD>
     <SHLPORIGIN>D</SHLPORIGIN>
     <COMPTYPE>E</COMPTYPE>
    </DD03P>
    <DD03P>
     <TABNAME>ZST_BUDGETVERGELIJKING_COGHFM</TABNAME>
     <FIELDNAME>SAKNR_HFM</FIELDNAME>
     <POSITION>0009</POSITION>
     <ROLLNAME>ZSAKNR_HFM</ROLLNAME>
     <ADMINFIELD>0</ADMINFIELD>
     <COMPTYPE>E</COMPTYPE>
    </DD03P>
    <DD03P>
     <TABNAME>ZST_BUDGETVERGELIJKING_COGHFM</TABNAME>
     <FIELDNAME>SAKNR_COGNOS</FIELDNAME>
     <POSITION>0010</POSITION>
     <ROLLNAME>ZSAKNR_COGNOS</ROLLNAME>
     <ADMINFIELD>0</ADMINFIELD>
     <COMPTYPE>E</COMPTYPE>
    </DD03P>
    <DD03P>
     <TABNAME>ZST_BUDGETVERGELIJKING_COGHFM</TABNAME>
     <FIELDNAME>TXT20</FIELDNAME>
     <POSITION>0011</POSITION>
     <ROLLNAME>TXT20_SKAT</ROLLNAME>
     <ADMINFIELD>0</ADMINFIELD>
     <COMPTYPE>E</COMPTYPE>
    </DD03P>
    <DD03P>
     <TABNAME>ZST_BUDGETVERGELIJKING_COGHFM</TABNAME>
     <FIELDNAME>SAKNR_HFMDESCR</FIELDNAME>
     <POSITION>0012</POSITION>
     <ROLLNAME>ZSAKNR_HFMDESCR</ROLLNAME>
     <ADMINFIELD>0</ADMINFIELD>
     <COMPTYPE>E</COMPTYPE>
    </DD03P>
    <DD03P>
     <TABNAME>ZST_BUDGETVERGELIJKING_COGHFM</TABNAME>
     <FIELDNAME>SAKNR_COGNOSDESCR</FIELDNAME>
     <POSITION>0013</POSITION>
     <ROLLNAME>ZSAKNR_COGNOSDESCR</ROLLNAME>
     <ADMINFIELD>0</ADMINFIELD>
     <COMPTYPE>E</COMPTYPE>
    </DD03P>
    <DD03P>
     <TABNAME>ZST_BUDGETVERGELIJKING_COGHFM</TABNAME>
     <FIELDNAME>WERK_MAAND12</FIELDNAME>
     <POSITION>0014</POSITION>
     <ROLLNAME>TSLXX12</ROLLNAME>
     <ADMINFIELD>0</ADMINFIELD>
     <REFTABLE>T001</REFTABLE>
     <REFFIELD>WAERS</REFFIELD>
     <COMPTYPE>E</COMPTYPE>
    </DD03P>
    <DD03P>
     <TABNAME>ZST_BUDGETVERGELIJKING_COGHFM</TABNAME>
     <FIELDNAME>WERK_MAAND11</FIELDNAME>
     <POSITION>0015</POSITION>
     <ROLLNAME>TSLXX12</ROLLNAME>
     <ADMINFIELD>0</ADMINFIELD>
     <REFTABLE>T001</REFTABLE>
     <REFFIELD>WAERS</REFFIELD>
     <COMPTYPE>E</COMPTYPE>
    </DD03P>
    <DD03P>
     <TABNAME>ZST_BUDGETVERGELIJKING_COGHFM</TABNAME>
     <FIELDNAME>WERK_MAAND10</FIELDNAME>
     <POSITION>0016</POSITION>
     <ROLLNAME>TSLXX12</ROLLNAME>
     <ADMINFIELD>0</ADMINFIELD>
     <REFTABLE>T001</REFTABLE>
     <REFFIELD>WAERS</REFFIELD>
     <COMPTYPE>E</COMPTYPE>
    </DD03P>
    <DD03P>
     <TABNAME>ZST_BUDGETVERGELIJKING_COGHFM</TABNAME>
     <FIELDNAME>WERK_MAAND09</FIELDNAME>
     <POSITION>0017</POSITION>
     <ROLLNAME>TSLXX12</ROLLNAME>
     <ADMINFIELD>0</ADMINFIELD>
     <REFTABLE>T001</REFTABLE>
     <REFFIELD>WAERS</REFFIELD>
     <COMPTYPE>E</COMPTYPE>
    </DD03P>
    <DD03P>
     <TABNAME>ZST_BUDGETVERGELIJKING_COGHFM</TABNAME>
     <FIELDNAME>WERK_MAAND08</FIELDNAME>
     <POSITION>0018</POSITION>
     <ROLLNAME>TSLXX12</ROLLNAME>
     <ADMINFIELD>0</ADMINFIELD>
     <REFTABLE>T001</REFTABLE>
     <REFFIELD>WAERS</REFFIELD>
     <COMPTYPE>E</COMPTYPE>
    </DD03P>
    <DD03P>
     <TABNAME>ZST_BUDGETVERGELIJKING_COGHFM</TABNAME>
     <FIELDNAME>WERK_MAAND07</FIELDNAME>
     <POSITION>0019</POSITION>
     <ROLLNAME>TSLXX12</ROLLNAME>
     <ADMINFIELD>0</ADMINFIELD>
     <REFTABLE>T001</REFTABLE>
     <REFFIELD>WAERS</REFFIELD>
     <COMPTYPE>E</COMPTYPE>
    </DD03P>
    <DD03P>
     <TABNAME>ZST_BUDGETVERGELIJKING_COGHFM</TABNAME>
     <FIELDNAME>WERK_MAAND06</FIELDNAME>
     <POSITION>0020</POSITION>
     <ROLLNAME>TSLXX12</ROLLNAME>
     <ADMINFIELD>0</ADMINFIELD>
     <REFTABLE>T001</REFTABLE>
     <REFFIELD>WAERS</REFFIELD>
     <COMPTYPE>E</COMPTYPE>
    </DD03P>
    <DD03P>
     <TABNAME>ZST_BUDGETVERGELIJKING_COGHFM</TABNAME>
     <FIELDNAME>WERK_MAAND05</FIELDNAME>
     <POSITION>0021</POSITION>
     <ROLLNAME>TSLXX12</ROLLNAME>
     <ADMINFIELD>0</ADMINFIELD>
     <REFTABLE>T001</REFTABLE>
     <REFFIELD>WAERS</REFFIELD>
     <COMPTYPE>E</COMPTYPE>
    </DD03P>
    <DD03P>
     <TABNAME>ZST_BUDGETVERGELIJKING_COGHFM</TABNAME>
     <FIELDNAME>WERK_MAAND04</FIELDNAME>
     <POSITION>0022</POSITION>
     <ROLLNAME>TSLXX12</ROLLNAME>
     <ADMINFIELD>0</ADMINFIELD>
     <REFTABLE>T001</REFTABLE>
     <REFFIELD>WAERS</REFFIELD>
     <COMPTYPE>E</COMPTYPE>
    </DD03P>
    <DD03P>
     <TABNAME>ZST_BUDGETVERGELIJKING_COGHFM</TABNAME>
     <FIELDNAME>WERK_MAAND03</FIELDNAME>
     <POSITION>0023</POSITION>
     <ROLLNAME>TSLXX12</ROLLNAME>
     <ADMINFIELD>0</ADMINFIELD>
     <REFTABLE>T001</REFTABLE>
     <REFFIELD>WAERS</REFFIELD>
     <COMPTYPE>E</COMPTYPE>
    </DD03P>
    <DD03P>
     <TABNAME>ZST_BUDGETVERGELIJKING_COGHFM</TABNAME>
     <FIELDNAME>WERK_MAAND02</FIELDNAME>
     <POSITION>0024</POSITION>
     <ROLLNAME>TSLXX12</ROLLNAME>
     <ADMINFIELD>0</ADMINFIELD>
     <REFTABLE>T001</REFTABLE>
     <REFFIELD>WAERS</REFFIELD>
     <COMPTYPE>E</COMPTYPE>
    </DD03P>
    <DD03P>
     <TABNAME>ZST_BUDGETVERGELIJKING_COGHFM</TABNAME>
     <FIELDNAME>WERK_MAAND01</FIELDNAME>
     <POSITION>0025</POSITION>
     <ROLLNAME>TSLXX12</ROLLNAME>
     <ADMINFIELD>0</ADMINFIELD>
     <REFTABLE>T001</REFTABLE>
     <REFFIELD>WAERS</REFFIELD>
     <COMPTYPE>E</COMPTYPE>
    </DD03P>
    <DD03P>
     <TABNAME>ZST_BUDGETVERGELIJKING_COGHFM</TABNAME>
     <FIELDNAME>WERK_MAAND</FIELDNAME>
     <POSITION>0026</POSITION>
     <ROLLNAME>TSLXX12</ROLLNAME>
     <ADMINFIELD>0</ADMINFIELD>
     <REFTABLE>T001</REFTABLE>
     <REFFIELD>WAERS</REFFIELD>
     <COMPTYPE>E</COMPTYPE>
    </DD03P>
    <DD03P>
     <TABNAME>ZST_BUDGETVERGELIJKING_COGHFM</TABNAME>
     <FIELDNAME>BUDG_MAAND</FIELDNAME>
     <POSITION>0027</POSITION>
     <ROLLNAME>TSLXX12</ROLLNAME>
     <ADMINFIELD>0</ADMINFIELD>
     <REFTABLE>T001</REFTABLE>
     <REFFIELD>WAERS</REFFIELD>
     <COMPTYPE>E</COMPTYPE>
    </DD03P>
    <DD03P>
     <TABNAME>ZST_BUDGETVERGELIJKING_COGHFM</TABNAME>
     <FIELDNAME>VERS_MAAND</FIELDNAME>
     <POSITION>0028</POSITION>
     <ROLLNAME>TSLXX12</ROLLNAME>
     <ADMINFIELD>0</ADMINFIELD>
     <REFTABLE>T001</REFTABLE>
     <REFFIELD>WAERS</REFFIELD>
     <COMPTYPE>E</COMPTYPE>
    </DD03P>
    <DD03P>
     <TABNAME>ZST_BUDGETVERGELIJKING_COGHFM</TABNAME>
     <FIELDNAME>WERK_CUM</FIELDNAME>
     <POSITION>0029</POSITION>
     <ROLLNAME>TSLXX12</ROLLNAME>
     <ADMINFIELD>0</ADMINFIELD>
     <REFTABLE>T001</REFTABLE>
     <REFFIELD>WAERS</REFFIELD>
     <COMPTYPE>E</COMPTYPE>
    </DD03P>
    <DD03P>
     <TABNAME>ZST_BUDGETVERGELIJKING_COGHFM</TABNAME>
     <FIELDNAME>BUDG_CUM</FIELDNAME>
     <POSITION>0030</POSITION>
     <ROLLNAME>TSLXX12</ROLLNAME>
     <ADMINFIELD>0</ADMINFIELD>
     <REFTABLE>T001</REFTABLE>
     <REFFIELD>WAERS</REFFIELD>
     <COMPTYPE>E</COMPTYPE>
    </DD03P>
    <DD03P>
     <TABNAME>ZST_BUDGETVERGELIJKING_COGHFM</TABNAME>
     <FIELDNAME>VERS_CUM</FIELDNAME>
     <POSITION>0031</POSITION>
     <ROLLNAME>TSLXX12</ROLLNAME>
     <ADMINFIELD>0</ADMINFIELD>
     <REFTABLE>T001</REFTABLE>
     <REFFIELD>WAERS</REFFIELD>
     <COMPTYPE>E</COMPTYPE>
    </DD03P>
    <DD03P>
     <TABNAME>ZST_BUDGETVERGELIJKING_COGHFM</TABNAME>
     <FIELDNAME>WERK_VORIG</FIELDNAME>
     <POSITION>0032</POSITION>
     <ROLLNAME>TSLXX12</ROLLNAME>
     <ADMINFIELD>0</ADMINFIELD>
     <REFTABLE>T001</REFTABLE>
     <REFFIELD>WAERS</REFFIELD>
     <COMPTYPE>E</COMPTYPE>
    </DD03P>
    <DD03P>
     <TABNAME>ZST_BUDGETVERGELIJKING_COGHFM</TABNAME>
     <FIELDNAME>VERS_VORIG</FIELDNAME>
     <POSITION>0033</POSITION>
     <ROLLNAME>TSLXX12</ROLLNAME>
     <ADMINFIELD>0</ADMINFIELD>
     <REFTABLE>T001</REFTABLE>
     <REFFIELD>WAERS</REFFIELD>
     <COMPTYPE>E</COMPTYPE>
    </DD03P>
   </DD03P_TABLE>
  </asx:values>
 </asx:abap>
</abapGit>
